id_test,0
model,<keras.src.engine.sequential.Sequential object at 0x7f1bd3fa0940>
trainable,name
True,input_1
True,embedding
True,reshape
True,class_token
True,Transformer/posembed_input
True,Transformer/encoderblock_0
True,Transformer/encoderblock_1
True,Transformer/encoderblock_2
True,Transformer/encoderblock_3
True,Transformer/encoderblock_4
True,Transformer/encoderblock_5
True,Transformer/encoderblock_6
True,Transformer/encoderblock_7
True,Transformer/encoderblock_8
True,Transformer/encoderblock_9
True,Transformer/encoderblock_10
True,Transformer/encoderblock_11
True,Transformer/encoder_norm
True,ExtractToken
id_test,0
model,<keras.src.engine.sequential.Sequential object at 0x7d6db01b92a0>
trainable,name
True,input_1
True,embedding
True,reshape
True,class_token
True,Transformer/posembed_input
True,Transformer/encoderblock_0
True,Transformer/encoderblock_1
True,Transformer/encoderblock_2
True,Transformer/encoderblock_3
True,Transformer/encoderblock_4
True,Transformer/encoderblock_5
True,Transformer/encoderblock_6
True,Transformer/encoderblock_7
True,Transformer/encoderblock_8
True,Transformer/encoderblock_9
True,Transformer/encoderblock_10
True,Transformer/encoderblock_11
True,Transformer/encoder_norm
True,ExtractToken
id_test,0
model,<keras.src.engine.sequential.Sequential object at 0x717bb05b3100>
trainable,name
True,input_1
True,embedding
True,reshape
True,class_token
True,Transformer/posembed_input
True,Transformer/encoderblock_0
True,Transformer/encoderblock_1
True,Transformer/encoderblock_2
True,Transformer/encoderblock_3
True,Transformer/encoderblock_4
True,Transformer/encoderblock_5
True,Transformer/encoderblock_6
True,Transformer/encoderblock_7
True,Transformer/encoderblock_8
True,Transformer/encoderblock_9
True,Transformer/encoderblock_10
True,Transformer/encoderblock_11
True,Transformer/encoder_norm
True,ExtractToken
id_test,0
model,<keras.src.engine.sequential.Sequential object at 0x7efe8c79a0b0>
trainable,name
True,input_1
True,embedding
True,reshape
True,class_token
True,Transformer/posembed_input
True,Transformer/encoderblock_0
True,Transformer/encoderblock_1
True,Transformer/encoderblock_2
True,Transformer/encoderblock_3
True,Transformer/encoderblock_4
True,Transformer/encoderblock_5
True,Transformer/encoderblock_6
True,Transformer/encoderblock_7
True,Transformer/encoderblock_8
True,Transformer/encoderblock_9
True,Transformer/encoderblock_10
True,Transformer/encoderblock_11
True,Transformer/encoder_norm
True,ExtractToken
id_test,0
model,<keras.src.engine.sequential.Sequential object at 0x736bc0541cc0>
trainable,name
True,input_1
True,embedding
True,reshape
True,class_token
True,Transformer/posembed_input
True,Transformer/encoderblock_0
True,Transformer/encoderblock_1
True,Transformer/encoderblock_2
True,Transformer/encoderblock_3
True,Transformer/encoderblock_4
True,Transformer/encoderblock_5
True,Transformer/encoderblock_6
True,Transformer/encoderblock_7
True,Transformer/encoderblock_8
True,Transformer/encoderblock_9
True,Transformer/encoderblock_10
True,Transformer/encoderblock_11
True,Transformer/encoder_norm
True,ExtractToken
id_test,0
model,<keras.src.engine.sequential.Sequential object at 0x736adc6ac1c0>
trainable,name
True,input_1
True,embedding
True,reshape
True,class_token
True,Transformer/posembed_input
True,Transformer/encoderblock_0
True,Transformer/encoderblock_1
True,Transformer/encoderblock_2
True,Transformer/encoderblock_3
True,Transformer/encoderblock_4
True,Transformer/encoderblock_5
True,Transformer/encoderblock_6
True,Transformer/encoderblock_7
True,Transformer/encoderblock_8
True,Transformer/encoderblock_9
True,Transformer/encoderblock_10
True,Transformer/encoderblock_11
True,Transformer/encoder_norm
True,ExtractToken
id_test,0
model,<keras.src.engine.sequential.Sequential object at 0x7367ed455930>
trainable,name
True,input_1
True,embedding
True,reshape
True,class_token
True,Transformer/posembed_input
True,Transformer/encoderblock_0
True,Transformer/encoderblock_1
True,Transformer/encoderblock_2
True,Transformer/encoderblock_3
True,Transformer/encoderblock_4
True,Transformer/encoderblock_5
True,Transformer/encoderblock_6
True,Transformer/encoderblock_7
True,Transformer/encoderblock_8
True,Transformer/encoderblock_9
True,Transformer/encoderblock_10
True,Transformer/encoderblock_11
True,Transformer/encoder_norm
True,ExtractToken
id_test,0
model,<keras.src.engine.sequential.Sequential object at 0x7367d1e03e20>
trainable,name
True,input_1
True,embedding
True,reshape
True,class_token
True,Transformer/posembed_input
True,Transformer/encoderblock_0
True,Transformer/encoderblock_1
True,Transformer/encoderblock_2
True,Transformer/encoderblock_3
True,Transformer/encoderblock_4
True,Transformer/encoderblock_5
True,Transformer/encoderblock_6
True,Transformer/encoderblock_7
True,Transformer/encoderblock_8
True,Transformer/encoderblock_9
True,Transformer/encoderblock_10
True,Transformer/encoderblock_11
True,Transformer/encoder_norm
True,ExtractToken
id_test,0
model,<keras.src.engine.sequential.Sequential object at 0x7367b68ff370>
trainable,name
True,input_1
True,embedding
True,reshape
True,class_token
True,Transformer/posembed_input
True,Transformer/encoderblock_0
True,Transformer/encoderblock_1
True,Transformer/encoderblock_2
True,Transformer/encoderblock_3
True,Transformer/encoderblock_4
True,Transformer/encoderblock_5
True,Transformer/encoderblock_6
True,Transformer/encoderblock_7
True,Transformer/encoderblock_8
True,Transformer/encoderblock_9
True,Transformer/encoderblock_10
True,Transformer/encoderblock_11
True,Transformer/encoder_norm
True,ExtractToken
id_test,0
model,<keras.src.engine.sequential.Sequential object at 0x736768c38dc0>
trainable,name
True,input_1
True,embedding
True,reshape
True,class_token
True,Transformer/posembed_input
True,Transformer/encoderblock_0
True,Transformer/encoderblock_1
True,Transformer/encoderblock_2
True,Transformer/encoderblock_3
True,Transformer/encoderblock_4
True,Transformer/encoderblock_5
True,Transformer/encoderblock_6
True,Transformer/encoderblock_7
True,Transformer/encoderblock_8
True,Transformer/encoderblock_9
True,Transformer/encoderblock_10
True,Transformer/encoderblock_11
True,Transformer/encoder_norm
True,ExtractToken
id_test,0
model,<keras.src.engine.sequential.Sequential object at 0x73676157fe20>
trainable,name
True,input_1
True,embedding
True,reshape
True,class_token
True,Transformer/posembed_input
True,Transformer/encoderblock_0
True,Transformer/encoderblock_1
True,Transformer/encoderblock_2
True,Transformer/encoderblock_3
True,Transformer/encoderblock_4
True,Transformer/encoderblock_5
True,Transformer/encoderblock_6
True,Transformer/encoderblock_7
True,Transformer/encoderblock_8
True,Transformer/encoderblock_9
True,Transformer/encoderblock_10
True,Transformer/encoderblock_11
True,Transformer/encoder_norm
True,ExtractToken
id_test,0
model,<keras.src.engine.sequential.Sequential object at 0x727bd2b67220>
trainable,name
True,input_1
True,embedding
True,reshape
True,class_token
True,Transformer/posembed_input
True,Transformer/encoderblock_0
True,Transformer/encoderblock_1
True,Transformer/encoderblock_2
True,Transformer/encoderblock_3
True,Transformer/encoderblock_4
True,Transformer/encoderblock_5
True,Transformer/encoderblock_6
True,Transformer/encoderblock_7
True,Transformer/encoderblock_8
True,Transformer/encoderblock_9
True,Transformer/encoderblock_10
True,Transformer/encoderblock_11
True,Transformer/encoder_norm
True,ExtractToken
id_test,0
model,<keras.src.engine.sequential.Sequential object at 0x72780c6a7460>
trainable,name
True,input_1
True,embedding
True,reshape
True,class_token
True,Transformer/posembed_input
True,Transformer/encoderblock_0
True,Transformer/encoderblock_1
True,Transformer/encoderblock_2
True,Transformer/encoderblock_3
True,Transformer/encoderblock_4
True,Transformer/encoderblock_5
True,Transformer/encoderblock_6
True,Transformer/encoderblock_7
True,Transformer/encoderblock_8
True,Transformer/encoderblock_9
True,Transformer/encoderblock_10
True,Transformer/encoderblock_11
True,Transformer/encoder_norm
True,ExtractToken
id_test,0
model,<keras.src.engine.sequential.Sequential object at 0x7d3be5f49300>
trainable,name
True,input_1
True,embedding
True,reshape
True,class_token
True,Transformer/posembed_input
True,Transformer/encoderblock_0
True,Transformer/encoderblock_1
True,Transformer/encoderblock_2
True,Transformer/encoderblock_3
True,Transformer/encoderblock_4
True,Transformer/encoderblock_5
True,Transformer/encoderblock_6
True,Transformer/encoderblock_7
True,Transformer/encoderblock_8
True,Transformer/encoderblock_9
True,Transformer/encoderblock_10
True,Transformer/encoderblock_11
True,Transformer/encoder_norm
True,ExtractToken
id_test,0
model,<keras.src.engine.sequential.Sequential object at 0x7d3b02cd59c0>
trainable,name
True,input_1
True,embedding
True,reshape
True,class_token
True,Transformer/posembed_input
True,Transformer/encoderblock_0
True,Transformer/encoderblock_1
True,Transformer/encoderblock_2
True,Transformer/encoderblock_3
True,Transformer/encoderblock_4
True,Transformer/encoderblock_5
True,Transformer/encoderblock_6
True,Transformer/encoderblock_7
True,Transformer/encoderblock_8
True,Transformer/encoderblock_9
True,Transformer/encoderblock_10
True,Transformer/encoderblock_11
True,Transformer/encoder_norm
True,ExtractToken
id_test,0
model,<keras.src.engine.sequential.Sequential object at 0x7d37ef5b90f0>
trainable,name
True,input_1
True,embedding
True,reshape
True,class_token
True,Transformer/posembed_input
True,Transformer/encoderblock_0
True,Transformer/encoderblock_1
True,Transformer/encoderblock_2
True,Transformer/encoderblock_3
True,Transformer/encoderblock_4
True,Transformer/encoderblock_5
True,Transformer/encoderblock_6
True,Transformer/encoderblock_7
True,Transformer/encoderblock_8
True,Transformer/encoderblock_9
True,Transformer/encoderblock_10
True,Transformer/encoderblock_11
True,Transformer/encoder_norm
True,ExtractToken
